"Date";"BitVol® Bitcoin Volatility Index"
"2019-01-08 00:00:00";78.29
"2019-01-09 00:00:00";76.46
"2019-01-10 00:00:00";77.78
"2019-01-11 00:00:00";78.22
"2019-01-14 00:00:00";76.62
"2019-01-15 00:00:00";78.64
"2019-01-16 00:00:00";77.16
"2019-01-17 00:00:00";77.16
"2019-01-18 00:00:00";74.13
"2019-01-22 00:00:00";65.74
"2019-01-23 00:00:00";69.54
"2019-01-24 00:00:00";70.9
"2019-01-25 00:00:00";63.35
"2019-01-28 00:00:00";66.93
"2019-01-29 00:00:00";68.18
"2019-01-30 00:00:00";69.45
"2019-01-31 00:00:00";66.75
"2019-02-01 00:00:00";66.42
"2019-02-04 00:00:00";68.67
"2019-02-05 00:00:00";68.63
"2019-02-06 00:00:00";62.72
"2019-02-07 00:00:00";59.68
"2019-02-08 00:00:00";59.63
"2019-02-11 00:00:00";60.49
"2019-02-12 00:00:00";60.41
"2019-02-13 00:00:00";57.01
"2019-02-14 00:00:00";57.36
"2019-02-15 00:00:00";56.68
"2019-02-19 00:00:00";62.08
"2019-02-20 00:00:00";59.42
"2019-02-21 00:00:00";59.42
"2019-02-22 00:00:00";56.52
"2019-02-25 00:00:00";62.83
"2019-02-26 00:00:00";60.47
"2019-02-27 00:00:00";58.32
"2019-02-28 00:00:00";58.67
"2019-03-01 00:00:00";54.87
"2019-03-04 00:00:00";58.71
"2019-03-05 00:00:00";58.44
"2019-03-06 00:00:00";56.74
"2019-03-07 00:00:00";52.98
"2019-03-08 00:00:00";49.52
"2019-03-11 00:00:00";50.63
"2019-03-12 00:00:00";50.32
"2019-03-13 00:00:00";50.79
"2019-03-14 00:00:00";50.79
"2019-03-15 00:00:00";50.81
"2019-03-18 00:00:00";50.29
"2019-03-19 00:00:00";48.79
"2019-03-20 00:00:00";46.75
"2019-03-21 00:00:00";46.71
"2019-03-22 00:00:00";46.8
"2019-03-25 00:00:00";46.65
"2019-03-26 00:00:00";45.98
"2019-03-27 00:00:00";45.4
"2019-03-28 00:00:00";44.84
"2019-03-29 00:00:00";45.2
"2019-04-01 00:00:00";49.65
"2019-04-02 00:00:00";67.39
"2019-04-03 00:00:00";74.05
"2019-04-04 00:00:00";77.32
"2019-04-05 00:00:00";73.4
"2019-04-08 00:00:00";74.32
"2019-04-09 00:00:00";73.15
"2019-04-10 00:00:00";73.15
"2019-04-11 00:00:00";66.27
"2019-04-12 00:00:00";65.05
"2019-04-15 00:00:00";65.05
"2019-04-16 00:00:00";59.62
"2019-04-17 00:00:00";56.83
"2019-04-18 00:00:00";55.51
"2019-04-22 00:00:00";58.06
"2019-04-23 00:00:00";58.06
"2019-04-24 00:00:00";62.63
"2019-04-25 00:00:00";61.02
"2019-04-26 00:00:00";61.22
"2019-04-29 00:00:00";63.99
"2019-04-30 00:00:00";64.19
"2019-05-01 00:00:00";62.35
"2019-05-02 00:00:00";60.67
"2019-05-03 00:00:00";60.73
"2019-05-06 00:00:00";67.11
"2019-05-07 00:00:00";69.48
"2019-05-08 00:00:00";71.39
"2019-05-09 00:00:00";70.28
"2019-05-10 00:00:00";69.26
"2019-05-13 00:00:00";91.11
"2019-05-14 00:00:00";114.41
"2019-05-15 00:00:00";114.34
"2019-05-16 00:00:00";112.61
"2019-05-17 00:00:00";109.56
"2019-05-20 00:00:00";117.82
"2019-05-21 00:00:00";117.73
"2019-05-22 00:00:00";106.15
"2019-05-23 00:00:00";104.02
"2019-05-24 00:00:00";103.23
"2019-05-28 00:00:00";111.99
"2019-05-29 00:00:00";106.71
"2019-05-30 00:00:00";102.96
"2019-05-31 00:00:00";101.96
"2019-06-03 00:00:00";96.33
"2019-06-04 00:00:00";92.93
"2019-06-05 00:00:00";92.03
"2019-06-06 00:00:00";90.48
"2019-06-07 00:00:00";84.46
"2019-06-10 00:00:00";83.88
"2019-06-11 00:00:00";82.1
"2019-06-12 00:00:00";81.25
"2019-06-13 00:00:00";80.58
"2019-06-14 00:00:00";80.79
"2019-06-17 00:00:00";83.09
"2019-06-18 00:00:00";96.89
"2019-06-19 00:00:00";94.35
"2019-06-20 00:00:00";93.46
"2019-06-21 00:00:00";97.67
"2019-06-24 00:00:00";109.84
"2019-06-25 00:00:00";106.37
"2019-06-26 00:00:00";110.19
"2019-06-27 00:00:00";121.19
"2019-06-28 00:00:00";135.71
"2019-07-01 00:00:00";111.19
"2019-07-02 00:00:00";112.84
"2019-07-03 00:00:00";120.81
"2019-07-05 00:00:00";115.04
"2019-07-08 00:00:00";109.29
"2019-07-09 00:00:00";109.61
"2019-07-10 00:00:00";113.53
"2019-07-11 00:00:00";115.05
"2019-07-12 00:00:00";112.86
"2019-07-15 00:00:00";124.2
"2019-07-16 00:00:00";125.35
"2019-07-17 00:00:00";129.37
"2019-07-18 00:00:00";125.43
"2019-07-19 00:00:00";130.47
"2019-07-22 00:00:00";120.66
"2019-07-23 00:00:00";118.41
"2019-07-24 00:00:00";121.1
"2019-07-25 00:00:00";119.58
"2019-07-26 00:00:00";117.26
"2019-07-29 00:00:00";119.89
"2019-07-30 00:00:00";117.96
"2019-07-31 00:00:00";117.09
"2019-08-01 00:00:00";108.83
"2019-08-02 00:00:00";106.23
"2019-08-05 00:00:00";110.47
"2019-08-06 00:00:00";111.93
"2019-08-07 00:00:00";112.04
"2019-08-08 00:00:00";110.03
"2019-08-09 00:00:00";103.8
"2019-08-12 00:00:00";101.34
"2019-08-13 00:00:00";98.73
"2019-08-14 00:00:00";97.47
"2019-08-15 00:00:00";95.44
"2019-08-16 00:00:00";98.28
"2019-08-19 00:00:00";103.79
"2019-08-20 00:00:00";100.03
"2019-08-21 00:00:00";97.19
"2019-08-22 00:00:00";96.95
"2019-08-23 00:00:00";94.44
"2019-08-26 00:00:00";96.48
"2019-08-27 00:00:00";92.13
"2019-08-28 00:00:00";90.99
"2019-08-29 00:00:00";90.36
"2019-08-30 00:00:00";84.19
"2019-09-03 00:00:00";91.16
"2019-09-04 00:00:00";87.46
"2019-09-05 00:00:00";85.96
"2019-09-06 00:00:00";83.72
"2019-09-09 00:00:00";81.17
"2019-09-10 00:00:00";80.24
"2019-09-11 00:00:00";78.45
"2019-09-12 00:00:00";78.82
"2019-09-13 00:00:00";77.95
"2019-09-16 00:00:00";76.02
"2019-09-17 00:00:00";78.51
"2019-09-18 00:00:00";77.22
"2019-09-19 00:00:00";75.13
"2019-09-20 00:00:00";75.12
"2019-09-23 00:00:00";75.15
"2019-09-24 00:00:00";77.93
"2019-09-25 00:00:00";77.93
"2019-09-26 00:00:00";78.51
"2019-09-27 00:00:00";78.51
"2019-09-30 00:00:00";97.64
"2019-10-01 00:00:00";94.56
"2019-10-02 00:00:00";92.12
"2019-10-03 00:00:00";90.24
"2019-10-04 00:00:00";86.07
"2019-10-07 00:00:00";86.09
"2019-10-08 00:00:00";83.37
"2019-10-09 00:00:00";81.76
"2019-10-10 00:00:00";80.93
"2019-10-11 00:00:00";79.7
"2019-10-14 00:00:00";81.01
"2019-10-15 00:00:00";89.92
"2019-10-16 00:00:00";90.89
"2019-10-17 00:00:00";89.74
"2019-10-18 00:00:00";87.87
"2019-10-21 00:00:00";84.87
"2019-10-22 00:00:00";84.77
"2019-10-23 00:00:00";77.58
"2019-10-24 00:00:00";84.07
"2019-10-25 00:00:00";75.8
"2019-10-28 00:00:00";117.26
"2019-10-29 00:00:00";107.17
"2019-10-30 00:00:00";102.94
"2019-10-31 00:00:00";96.52
"2019-11-01 00:00:00";96.24
"2019-11-04 00:00:00";93.52
"2019-11-05 00:00:00";88.91
"2019-11-06 00:00:00";87.94
"2019-11-07 00:00:00";72.32
"2019-11-08 00:00:00";68.14
"2019-11-11 00:00:00";69.57
"2019-11-12 00:00:00";65.85
"2019-11-13 00:00:00";66.7
"2019-11-14 00:00:00";66.7
"2019-11-15 00:00:00";66.77
"2019-11-18 00:00:00";66.02
"2019-11-19 00:00:00";66.02
"2019-11-20 00:00:00";68.39
"2019-11-21 00:00:00";68.47
"2019-11-22 00:00:00";73.95
"2019-11-25 00:00:00";81.43
"2019-11-26 00:00:00";77.78
"2019-11-27 00:00:00";75.15
"2019-11-29 00:00:00";72.98
"2019-12-02 00:00:00";69.06
"2019-12-03 00:00:00";71.8
"2019-12-04 00:00:00";72.13
"2019-12-05 00:00:00";73.09
"2019-12-06 00:00:00";72.73
"2019-12-09 00:00:00";72.73
"2019-12-10 00:00:00";72.73
"2019-12-13 00:00:00";73.05
"2019-12-16 00:00:00";72.9
"2019-12-17 00:00:00";77.3
"2019-12-18 00:00:00";81.26
"2019-12-19 00:00:00";79.45
"2019-12-20 00:00:00";79.17
"2019-12-23 00:00:00";75.87
"2019-12-24 00:00:00";76
"2019-12-26 00:00:00";75.54
"2020-01-07 00:00:00";75.54
"2020-01-08 00:00:00";73.06
"2020-01-09 00:00:00";69.94
"2020-01-10 00:00:00";66.62
"2020-01-13 00:00:00";64.48
"2020-01-14 00:00:00";64.32
"2020-01-15 00:00:00";68.02
"2020-01-16 00:00:00";69.2
"2020-01-17 00:00:00";67.17
"2020-01-21 00:00:00";62.17
"2020-01-22 00:00:00";62.2
"2020-01-23 00:00:00";60.53
"2020-01-24 00:00:00";60.08
"2020-01-27 00:00:00";61.16
"2020-01-28 00:00:00";64.04
"2020-01-29 00:00:00";63.64
"2020-01-30 00:00:00";63.85
"2020-01-31 00:00:00";65.36
"2020-02-03 00:00:00";63.67
"2020-02-04 00:00:00";61.93
"2020-02-05 00:00:00";63.61
"2020-02-06 00:00:00";67.55
"2020-02-07 00:00:00";67.39
"2020-02-10 00:00:00";67.12
"2020-02-11 00:00:00";66.45
"2020-02-12 00:00:00";67.43
"2020-02-13 00:00:00";68.77
"2020-02-14 00:00:00";69.27
"2020-02-18 00:00:00";69.34
"2020-02-19 00:00:00";68.16
"2020-02-20 00:00:00";69.59
"2020-02-21 00:00:00";68.47
"2020-02-24 00:00:00";64.55
"2020-02-25 00:00:00";65.02
"2020-02-26 00:00:00";65.3
"2020-02-27 00:00:00";70.85
"2020-02-28 00:00:00";68.91
"2020-03-02 00:00:00";66.05
"2020-03-03 00:00:00";65.55
"2020-03-04 00:00:00";65.43
"2020-03-05 00:00:00";64.55
"2020-03-06 00:00:00";63.49
"2020-03-09 00:00:00";68.24
"2020-03-10 00:00:00";72.24
"2020-03-11 00:00:00";69.42
"2020-03-12 00:00:00";76
"2020-03-13 00:00:00";133.53
"2020-03-16 00:00:00";190.28
"2020-03-17 00:00:00";168.89
"2020-03-18 00:00:00";162.89
"2020-03-19 00:00:00";152.42
"2020-03-20 00:00:00";141.92
"2020-03-23 00:00:00";147.62
"2020-03-24 00:00:00";145.27
"2020-03-25 00:00:00";157.43
"2020-03-26 00:00:00";148.6
"2020-03-27 00:00:00";141.48
"2020-03-30 00:00:00";105.24
"2020-03-31 00:00:00";115.78
"2020-04-01 00:00:00";105.49
"2020-04-02 00:00:00";118.93
"2020-04-03 00:00:00";109.56
"2020-04-06 00:00:00";114.85
"2020-04-07 00:00:00";103.68
"2020-04-08 00:00:00";105.03
"2020-04-09 00:00:00";102.09
"2020-04-13 00:00:00";99.1
"2020-04-14 00:00:00";99.08
"2020-04-15 00:00:00";98.59
"2020-04-16 00:00:00";88.73
"2020-04-17 00:00:00";99.63
"2020-04-20 00:00:00";86.88
"2020-04-21 00:00:00";92.87
"2020-04-22 00:00:00";79.94
"2020-04-23 00:00:00";79.36
"2020-04-24 00:00:00";91.79
"2020-04-27 00:00:00";74.91
"2020-04-28 00:00:00";77.86
"2020-04-29 00:00:00";84.62
"2020-04-30 00:00:00";92.68
"2020-05-01 00:00:00";90.1
"2020-05-04 00:00:00";99.89
"2020-05-05 00:00:00";100.84
"2020-05-06 00:00:00";102.54
"2020-05-07 00:00:00";91.44
"2020-05-08 00:00:00";104.72
"2020-05-11 00:00:00";122.31
"2020-05-12 00:00:00";107.3
"2020-05-13 00:00:00";116.2
"2020-05-14 00:00:00";108.87
"2020-05-15 00:00:00";120.35
"2020-05-18 00:00:00";108.05
"2020-05-19 00:00:00";111.87
"2020-05-20 00:00:00";104.09
"2020-05-21 00:00:00";105.52
"2020-05-22 00:00:00";107.62
"2020-05-26 00:00:00";93.01
"2020-05-27 00:00:00";90.2
"2020-05-28 00:00:00";83.28
"2020-05-29 00:00:00";84.97
"2020-06-01 00:00:00";79.17
"2020-06-02 00:00:00";93.08
"2020-06-03 00:00:00";91.11
"2020-06-04 00:00:00";80.24
"2020-06-05 00:00:00";80.15
"2020-06-08 00:00:00";76.99
"2020-06-09 00:00:00";77.2
"2020-06-10 00:00:00";80.49
"2020-06-11 00:00:00";82.78
"2020-06-12 00:00:00";80.27
"2020-06-15 00:00:00";87.11
"2020-06-16 00:00:00";81.54
"2020-06-17 00:00:00";80.58
"2020-06-18 00:00:00";79.88
"2020-06-19 00:00:00";69.01
"2020-06-20 00:00:00";69.91
"2020-06-21 00:00:00";69.73
"2020-06-22 00:00:00";69.88
"2020-06-23 00:00:00";69.3
"2020-06-24 00:00:00";72.37
"2020-06-25 00:00:00";69.06
"2020-06-26 00:00:00";64.58
"2020-06-27 00:00:00";61.32
"2020-06-28 00:00:00";64.58
"2020-06-29 00:00:00";61.68
"2020-06-30 00:00:00";59.53
"2020-07-01 00:00:00";58.07
"2020-07-02 00:00:00";54.99
"2020-07-03 00:00:00";52.98
"2020-07-04 00:00:00";55.36
"2020-07-05 00:00:00";58.57
"2020-07-06 00:00:00";61.38
"2020-07-07 00:00:00";63.22
"2020-07-08 00:00:00";65.49
"2020-07-09 00:00:00";67.39
"2020-07-10 00:00:00";61.14
"2020-07-11 00:00:00";62.54
"2020-07-12 00:00:00";62.66
"2020-07-13 00:00:00";62.81
"2020-07-14 00:00:00";61.11
"2020-07-15 00:00:00";62.03
"2020-07-16 00:00:00";60.56
"2020-07-17 00:00:00";57.41
"2020-07-18 00:00:00";56.65
"2020-07-19 00:00:00";57.82
"2020-07-20 00:00:00";55.59
"2020-07-21 00:00:00";58.62
"2020-07-22 00:00:00";57.04
"2020-07-23 00:00:00";58.8
"2020-07-24 00:00:00";56.51
"2020-07-25 00:00:00";56.49
"2020-07-26 00:00:00";62.21
"2020-07-27 00:00:00";75.07
"2020-07-28 00:00:00";73.83
"2020-07-29 00:00:00";69.17
"2020-07-30 00:00:00";63.82
"2020-07-31 00:00:00";66.23
"2020-08-01 00:00:00";70.41
"2020-08-02 00:00:00";77.12
"2020-08-03 00:00:00";75.62
"2020-08-04 00:00:00";73.69
"2020-08-05 00:00:00";75.91
"2020-08-06 00:00:00";73.53
"2020-08-07 00:00:00";74.25
"2020-08-08 00:00:00";73.26
"2020-08-09 00:00:00";72.02
"2020-08-10 00:00:00";73.19
"2020-08-11 00:00:00";74.64
"2020-08-12 00:00:00";70.95
"2020-08-13 00:00:00";68.78
"2020-08-14 00:00:00";73.77
"2020-08-15 00:00:00";82.79
"2020-08-16 00:00:00";81.85
"2020-08-17 00:00:00";81.29
"2020-08-18 00:00:00";81.67
"2020-08-19 00:00:00";77.27
"2020-08-20 00:00:00";73.47
"2020-08-21 00:00:00";71.21
"2020-08-22 00:00:00";71.81
"2020-08-23 00:00:00";70.28
"2020-08-24 00:00:00";69.92
"2020-08-25 00:00:00";69.8
"2020-08-26 00:00:00";66.69
"2020-08-27 00:00:00";70.17
"2020-08-28 00:00:00";63.85
"2020-08-29 00:00:00";62.51
"2020-08-30 00:00:00";62.45
"2020-08-31 00:00:00";64.85
"2020-09-01 00:00:00";67
"2020-09-02 00:00:00";63.86
"2020-09-03 00:00:00";68.55
"2020-09-04 00:00:00";70.62
"2020-09-05 00:00:00";74.73
"2020-09-06 00:00:00";78.03
"2020-09-07 00:00:00";75.92
"2020-09-08 00:00:00";78.64
"2020-09-09 00:00:00";78.99
"2020-09-10 00:00:00";74.98
"2020-09-11 00:00:00";71.87
"2020-09-12 00:00:00";66.14
"2020-09-13 00:00:00";69.26
"2020-09-14 00:00:00";67.16
"2020-09-15 00:00:00";67.03
"2020-09-16 00:00:00";66.21
"2020-09-17 00:00:00";65.46
"2020-09-18 00:00:00";62.17
"2020-09-19 00:00:00";59.93
"2020-09-20 00:00:00";58.98
"2020-09-21 00:00:00";62.36
"2020-09-22 00:00:00";61.96
"2020-09-23 00:00:00";59.93
"2020-09-24 00:00:00";60.8
"2020-09-25 00:00:00";54.43
"2020-09-26 00:00:00";54.26
"2020-09-27 00:00:00";55.85
"2020-09-28 00:00:00";56.46
"2020-09-29 00:00:00";56.03
"2020-09-30 00:00:00";56.39
"2020-10-01 00:00:00";60.71
"2020-10-02 00:00:00";60.15
"2020-10-03 00:00:00";58.63
"2020-10-04 00:00:00";60.01
"2020-10-05 00:00:00";62.15
"2020-10-06 00:00:00";60.88
"2020-10-07 00:00:00";62.08
"2020-10-08 00:00:00";62.28
"2020-10-09 00:00:00";59.01
"2020-10-10 00:00:00";60.02
"2020-10-11 00:00:00";59.8
"2020-10-12 00:00:00";59.14
"2020-10-13 00:00:00";59.87
"2020-10-14 00:00:00";58.37
"2020-10-15 00:00:00";58.11
"2020-10-16 00:00:00";57.39
"2020-10-17 00:00:00";57.67
"2020-10-18 00:00:00";57.11
"2020-10-19 00:00:00";58.16
"2020-10-20 00:00:00";60.37
"2020-10-21 00:00:00";67.96
"2020-10-22 00:00:00";64.24
"2020-10-23 00:00:00";62.63
"2020-10-24 00:00:00";61.27
"2020-10-25 00:00:00";61.87
"2020-10-26 00:00:00";59.54
"2020-10-27 00:00:00";63.87
"2020-10-28 00:00:00";65.47
"2020-10-29 00:00:00";63.5
"2020-10-30 00:00:00";60.87
"2020-10-31 00:00:00";67.62
"2020-11-01 00:00:00";69.25
"2020-11-02 00:00:00";72.25
"2020-11-03 00:00:00";70.67
"2020-11-04 00:00:00";67.86
"2020-11-05 00:00:00";73.05
"2020-11-06 00:00:00";75.59
"2020-11-07 00:00:00";72.35
"2020-11-08 00:00:00";70.35
"2020-11-09 00:00:00";72.71
"2020-11-10 00:00:00";67
"2020-11-11 00:00:00";65.93
"2020-11-12 00:00:00";70.41
"2020-11-13 00:00:00";68.97
"2020-11-14 00:00:00";70.15
"2020-11-15 00:00:00";71.09
"2020-11-16 00:00:00";70.58
"2020-11-17 00:00:00";77.2
"2020-11-18 00:00:00";86.68
"2020-11-19 00:00:00";77.61
"2020-11-20 00:00:00";80.18
"2020-11-21 00:00:00";88.03
"2020-11-22 00:00:00";86.42
"2020-11-23 00:00:00";93.44
"2020-11-24 00:00:00";92.35
"2020-11-25 00:00:00";94
"2020-11-26 00:00:00";90.43
"2020-11-27 00:00:00";85.47
"2020-11-28 00:00:00";79.74
"2020-11-29 00:00:00";82.44
"2020-11-30 00:00:00";98.87
"2020-12-01 00:00:00";104.62
"2020-12-02 00:00:00";91.31
"2020-12-03 00:00:00";89.73
"2020-12-04 00:00:00";86.98
"2020-12-05 00:00:00";85.23
"2020-12-06 00:00:00";86.25
"2020-12-07 00:00:00";86.94
"2020-12-08 00:00:00";84.71
"2020-12-09 00:00:00";79.24
"2020-12-10 00:00:00";78.25
"2020-12-11 00:00:00";76.5
"2020-12-12 00:00:00";76.11
"2020-12-13 00:00:00";79.65
"2020-12-14 00:00:00";80.4
"2020-12-15 00:00:00";79.43
"2020-12-16 00:00:00";83.74
"2020-12-17 00:00:00";100.16
"2020-12-18 00:00:00";86.8
"2020-12-19 00:00:00";97.62
"2020-12-20 00:00:00";95.65
"2020-12-21 00:00:00";95.86
"2020-12-22 00:00:00";96.57
"2020-12-23 00:00:00";99.34
"2020-12-24 00:00:00";87.91
"2020-12-25 00:00:00";91.69
"2020-12-26 00:00:00";92.54
"2020-12-27 00:00:00";98.49
"2020-12-28 00:00:00";95.17
"2020-12-29 00:00:00";96.88
"2020-12-30 00:00:00";94.44
"2020-12-31 00:00:00";103.67
"2021-01-01 00:00:00";91.69
"2021-01-02 00:00:00";99.04
"2021-01-03 00:00:00";108.68
"2021-01-04 00:00:00";117.93
"2021-01-05 00:00:00";110.82
"2021-01-06 00:00:00";118.5
"2021-01-07 00:00:00";143.63
"2021-01-08 00:00:00";145.88
"2021-01-09 00:00:00";141.14
"2021-01-10 00:00:00";150.87
"2021-01-11 00:00:00";144.36
"2021-01-12 00:00:00";163.78
"2021-01-13 00:00:00";150.45
"2021-01-14 00:00:00";163.77
"2021-01-15 00:00:00";171.72
"2021-01-16 00:00:00";166.62
"2021-01-17 00:00:00";154.38
"2021-01-18 00:00:00";147.98
"2021-01-19 00:00:00";150.93
"2021-01-20 00:00:00";135.8
"2021-01-21 00:00:00";132.94
"2021-01-22 00:00:00";126.29
"2021-01-23 00:00:00";122.81
"2021-01-24 00:00:00";126.07
"2021-01-25 00:00:00";122.44
"2021-01-26 00:00:00";121.03
"2021-01-27 00:00:00";128.48
"2021-01-28 00:00:00";129.37
"2021-01-29 00:00:00";140.44
"2021-01-30 00:00:00";126.46
"2021-01-31 00:00:00";127.59
"2021-02-01 00:00:00";123.76
"2021-02-02 00:00:00";117.16
"2021-02-03 00:00:00";114.7
"2021-02-04 00:00:00";113.51
"2021-02-05 00:00:00";111.69
"2021-02-06 00:00:00";110.27
"2021-02-07 00:00:00";115.01
"2021-02-08 00:00:00";123.54
"2021-02-09 00:00:00";126.29
"2021-02-10 00:00:00";120.99
"2021-02-11 00:00:00";122.01
"2021-02-12 00:00:00";119.69
"2021-02-13 00:00:00";118.46
"2021-02-14 00:00:00";117.96
"2021-02-15 00:00:00";115.65
"2021-02-16 00:00:00";120.45
"2021-02-17 00:00:00";112.07
"2021-02-18 00:00:00";117.26
"2021-02-19 00:00:00";109.02
"2021-02-20 00:00:00";108.43
"2021-02-21 00:00:00";107.84
"2021-02-22 00:00:00";116.1
"2021-02-23 00:00:00";128.04
"2021-02-24 00:00:00";118.54
"2021-02-25 00:00:00";113.16
"2021-02-26 00:00:00";108.34
"2021-02-27 00:00:00";110.24
"2021-02-28 00:00:00";115.52
"2021-03-01 00:00:00";113.21
"2021-03-02 00:00:00";109.62
"2021-03-03 00:00:00";108.75
"2021-03-04 00:00:00";109.62
"2021-03-05 00:00:00";108.56
"2021-03-06 00:00:00";106.57
"2021-03-07 00:00:00";105.42
"2021-03-08 00:00:00";104.29
"2021-03-09 00:00:00";104.8
"2021-03-10 00:00:00";101.94
"2021-03-11 00:00:00";107.14
"2021-03-12 00:00:00";105
"2021-03-13 00:00:00";106.02
"2021-03-14 00:00:00";106.98
"2021-03-15 00:00:00";106.77
"2021-03-16 00:00:00";105.13
"2021-03-17 00:00:00";107.16
"2021-03-18 00:00:00";103.66
"2021-03-19 00:00:00";97.66
"2021-03-20 00:00:00";94.86
"2021-03-21 00:00:00";87.72
"2021-03-22 00:00:00";87.03
"2021-03-23 00:00:00";84.56
"2021-03-24 00:00:00";84.12
"2021-03-25 00:00:00";90.02
"2021-03-26 00:00:00";82.66
"2021-03-27 00:00:00";80.07
"2021-03-28 00:00:00";78.02
"2021-03-29 00:00:00";82.21
"2021-03-30 00:00:00";84.99
"2021-03-31 00:00:00";87.63
"2021-04-01 00:00:00";82.2
"2021-04-02 00:00:00";81.19
"2021-04-03 00:00:00";82.87
"2021-04-04 00:00:00";82.97
"2021-04-05 00:00:00";80.89
"2021-04-06 00:00:00";81.36
"2021-04-07 00:00:00";81.04
"2021-04-08 00:00:00";76.64
"2021-04-09 00:00:00";78.72
"2021-04-10 00:00:00";83.59
"2021-04-11 00:00:00";83.15
"2021-04-12 00:00:00";85.03
"2021-04-13 00:00:00";88.46
"2021-04-14 00:00:00";86.39
"2021-04-15 00:00:00";79.17
"2021-04-16 00:00:00";78.78
"2021-04-17 00:00:00";75.54
"2021-04-18 00:00:00";90.3
"2021-04-19 00:00:00";85.85
"2021-04-20 00:00:00";83.5
"2021-04-21 00:00:00";82.05
"2021-04-22 00:00:00";77.81
"2021-04-23 00:00:00";92.52
"2021-04-24 00:00:00";94.61
"2021-04-25 00:00:00";95.01
"2021-04-26 00:00:00";82.3
"2021-04-27 00:00:00";80.01
"2021-04-28 00:00:00";77.68
"2021-04-29 00:00:00";79.2
"2021-04-30 00:00:00";75.27
"2021-05-01 00:00:00";75.53
"2021-05-02 00:00:00";78.84
"2021-05-03 00:00:00";79.22
"2021-05-04 00:00:00";85.34
"2021-05-05 00:00:00";83.95
"2021-05-06 00:00:00";81.13
"2021-05-07 00:00:00";79.59
"2021-05-08 00:00:00";82.38
"2021-05-09 00:00:00";85.49
"2021-05-10 00:00:00";90.61
"2021-05-11 00:00:00";86.7
"2021-05-12 00:00:00";86.3
"2021-05-13 00:00:00";92.38
"2021-05-14 00:00:00";93.15
"2021-05-15 00:00:00";100.99
"2021-05-16 00:00:00";100.62
"2021-05-17 00:00:00";123.48
"2021-05-18 00:00:00";111.92
"2021-05-19 00:00:00";116.77
"2021-05-20 00:00:00";112.59
"2021-05-21 00:00:00";127.95
"2021-05-22 00:00:00";130.33
"2021-05-23 00:00:00";159.95
"2021-05-24 00:00:00";128.95
"2021-05-25 00:00:00";125.08
"2021-05-26 00:00:00";115.34
"2021-05-27 00:00:00";104.74
"2021-05-28 00:00:00";111.15
"2021-05-29 00:00:00";119.17
"2021-05-30 00:00:00";117.77
"2021-05-31 00:00:00";103.79
"2021-06-01 00:00:00";105.82
"2021-06-02 00:00:00";102.31
"2021-06-03 00:00:00";98.6
"2021-06-04 00:00:00";100.67
"2021-06-05 00:00:00";105.56
"2021-06-06 00:00:00";103.91
"2021-06-07 00:00:00";99.91
"2021-06-08 00:00:00";113.94
"2021-06-09 00:00:00";103.47
"2021-06-10 00:00:00";99.49
"2021-06-11 00:00:00";97.06
"2021-06-12 00:00:00";99.82
"2021-06-13 00:00:00";98.08
"2021-06-14 00:00:00";100.94
"2021-06-15 00:00:00";95.99
"2021-06-16 00:00:00";97.25
"2021-06-17 00:00:00";94.66
"2021-06-18 00:00:00";96.96
"2021-06-19 00:00:00";92.4
"2021-06-20 00:00:00";95.85
"2021-06-21 00:00:00";104.42
"2021-06-22 00:00:00";109.61
"2021-06-23 00:00:00";101.58
"2021-06-24 00:00:00";100.41
"2021-06-25 00:00:00";104.64
"2021-06-26 00:00:00";107.03
"2021-06-27 00:00:00";102.88
"2021-06-28 00:00:00";102.67
"2021-06-29 00:00:00";98.09
"2021-06-30 00:00:00";102.91
"2021-07-01 00:00:00";99.78
"2021-07-02 00:00:00";97.75
"2021-07-03 00:00:00";96.14
"2021-07-04 00:00:00";94.88
"2021-07-05 00:00:00";94.03
"2021-07-06 00:00:00";94.56
"2021-07-07 00:00:00";92.82
"2021-07-08 00:00:00";92.55
"2021-07-09 00:00:00";90.37
"2021-07-10 00:00:00";88.12
"2021-07-11 00:00:00";88.4
"2021-07-12 00:00:00";89.5
"2021-07-13 00:00:00";89.27
"2021-07-14 00:00:00";88.53
"2021-07-15 00:00:00";87.39
"2021-07-16 00:00:00";83.45
"2021-07-17 00:00:00";82.57
"2021-07-18 00:00:00";83.55
"2021-07-19 00:00:00";87.14
"2021-07-20 00:00:00";90.86
"2021-07-21 00:00:00";86.97
"2021-07-22 00:00:00";85.46
"2021-07-23 00:00:00";82.31
"2021-07-24 00:00:00";82.43
"2021-07-25 00:00:00";84.59
"2021-07-26 00:00:00";88.03
"2021-07-27 00:00:00";86.28
"2021-07-28 00:00:00";94.56
"2021-07-29 00:00:00";94.46
"2021-07-30 00:00:00";88.04
"2021-07-31 00:00:00";89.36
"2021-08-01 00:00:00";90.54
"2021-08-02 00:00:00";91.98
"2021-08-03 00:00:00";94.54
"2021-08-04 00:00:00";97.72
"2021-08-05 00:00:00";98.62
"2021-08-06 00:00:00";97.42
"2021-08-07 00:00:00";98.63
"2021-08-08 00:00:00";100.75
"2021-08-09 00:00:00";109.88
"2021-08-10 00:00:00";109.86
"2021-08-11 00:00:00";106.29
"2021-08-12 00:00:00";102.89
"2021-08-13 00:00:00";100.96
"2021-08-14 00:00:00";102.66
"2021-08-15 00:00:00";101.87
"2021-08-16 00:00:00";101.19
"2021-08-17 00:00:00";99.64
"2021-08-18 00:00:00";97.8
"2021-08-19 00:00:00";96.83
"2021-08-20 00:00:00";98.11
"2021-08-21 00:00:00";97.01
"2021-08-22 00:00:00";96.24
"2021-08-23 00:00:00";97.81
"2021-08-24 00:00:00";95.92
"2021-08-25 00:00:00";93.68
"2021-08-26 00:00:00";94.79
"2021-08-27 00:00:00";91.86
"2021-08-28 00:00:00";92.2
"2021-08-29 00:00:00";91.97
"2021-08-30 00:00:00";92.39
"2021-08-31 00:00:00";95.65
"2021-09-01 00:00:00";96.28
"2021-09-02 00:00:00";97.25
"2021-09-03 00:00:00";94.45
"2021-09-04 00:00:00";93.08
"2021-09-05 00:00:00";93.46
"2021-09-06 00:00:00";92.14
"2021-09-07 00:00:00";96.91
"2021-09-08 00:00:00";94.61
"2021-09-09 00:00:00";93.69
"2021-09-10 00:00:00";93.32
"2021-09-11 00:00:00";92.06
"2021-09-12 00:00:00";91.87
"2021-09-13 00:00:00";96.42
"2021-09-14 00:00:00";93.58
"2021-09-15 00:00:00";91.77
"2021-09-16 00:00:00";88.76
"2021-09-17 00:00:00";85.64
"2021-09-18 00:00:00";87.21
"2021-09-19 00:00:00";86.35
"2021-09-20 00:00:00";91.49
"2021-09-21 00:00:00";92.58
"2021-09-22 00:00:00";91.61
"2021-09-23 00:00:00";86.05
"2021-09-24 00:00:00";86.91
"2021-09-25 00:00:00";84.28
"2021-09-26 00:00:00";83.87
"2021-09-27 00:00:00";88.93
"2021-09-28 00:00:00";89.98
"2021-09-29 00:00:00";91.57
"2021-09-30 00:00:00";91.59
"2021-10-01 00:00:00";89.07
"2021-10-02 00:00:00";84.53
"2021-10-03 00:00:00";86.35
"2021-10-04 00:00:00";90.31
"2021-10-05 00:00:00";92.55
"2021-10-06 00:00:00";92.7
"2021-10-07 00:00:00";90.97
"2021-10-08 00:00:00";89.08
"2021-10-09 00:00:00";88.82
"2021-10-10 00:00:00";88.68
"2021-10-11 00:00:00";91.7
"2021-10-12 00:00:00";93.77
"2021-10-13 00:00:00";95.56
"2021-10-14 00:00:00";97.37
"2021-10-15 00:00:00";101.05
"2021-10-16 00:00:00";87.46
"2021-10-17 00:00:00";90.08
"2021-10-18 00:00:00";92.71
"2021-10-19 00:00:00";93.58
"2021-10-20 00:00:00";95.82
"2021-10-21 00:00:00";94.94
"2021-10-22 00:00:00";86.42
"2021-10-23 00:00:00";88.96
"2021-10-24 00:00:00";91
"2021-10-25 00:00:00";88.77
"2021-10-26 00:00:00";88.04
"2021-10-27 00:00:00";91.3
"2021-10-28 00:00:00";88.46
"2021-10-29 00:00:00";92.72
"2021-10-30 00:00:00";89.3
"2021-10-31 00:00:00";91.18
"2021-11-01 00:00:00";90.37
"2021-11-02 00:00:00";90.06
"2021-11-03 00:00:00";86.8
"2021-11-04 00:00:00";87.67
"2021-11-05 00:00:00";87.71
"2021-11-06 00:00:00";87.67
"2021-11-07 00:00:00";89.45
"2021-11-08 00:00:00";90.43
"2021-11-09 00:00:00";88.38
"2021-11-10 00:00:00";89.04
"2021-11-11 00:00:00";89.11
"2021-11-12 00:00:00";93.26
"2021-11-13 00:00:00";91.86
"2021-11-14 00:00:00";91.26
"2021-11-15 00:00:00";90.12
"2021-11-16 00:00:00";91.01
"2021-11-17 00:00:00";92.06
"2021-11-18 00:00:00";98.48
"2021-11-19 00:00:00";93.14
"2021-11-20 00:00:00";93.5
"2021-11-21 00:00:00";92.57
"2021-11-22 00:00:00";93.72
"2021-11-23 00:00:00";94.22
"2021-11-24 00:00:00";94.98
"2021-11-25 00:00:00";92.76
"2021-11-26 00:00:00";91.06
"2021-11-27 00:00:00";90.02
"2021-11-28 00:00:00";89
"2021-11-29 00:00:00";87.85
"2021-11-30 00:00:00";91.57
"2021-12-01 00:00:00";87.49
"2021-12-02 00:00:00";88.06
"2021-12-03 00:00:00";88.68
"2021-12-04 00:00:00";93.06
"2021-12-05 00:00:00";93.02
"2021-12-06 00:00:00";87.3
"2021-12-07 00:00:00";90.08
"2021-12-08 00:00:00";89.72
"2021-12-09 00:00:00";94.04
"2021-12-10 00:00:00";95.35
"2021-12-11 00:00:00";94.42
"2021-12-12 00:00:00";96.54
"2021-12-13 00:00:00";93.49
"2021-12-14 00:00:00";94.55
"2021-12-15 00:00:00";93.52
"2021-12-16 00:00:00";89.18
"2021-12-17 00:00:00";88.33
"2021-12-18 00:00:00";90.72
"2021-12-19 00:00:00";89.69
"2021-12-20 00:00:00";89.87
"2021-12-21 00:00:00";88.35
"2021-12-22 00:00:00";87.31
"2021-12-23 00:00:00";84.75
"2021-12-24 00:00:00";82.3
"2021-12-25 00:00:00";82.71
"2021-12-26 00:00:00";83.17
"2021-12-27 00:00:00";81.51
"2021-12-28 00:00:00";78.97
"2021-12-29 00:00:00";81.03
"2021-12-30 00:00:00";80.26
"2021-12-31 00:00:00";78.56
"2022-01-01 00:00:00";72.43
"2022-01-02 00:00:00";72.56
"2022-01-03 00:00:00";72.94
"2022-01-04 00:00:00";73.71
"2022-01-05 00:00:00";73.35
"2022-01-06 00:00:00";75.93
"2022-01-07 00:00:00";74.34
"2022-01-08 00:00:00";73.17
"2022-01-09 00:00:00";72.95
"2022-01-10 00:00:00";74.71
"2022-01-11 00:00:00";78.56
"2022-01-12 00:00:00";74.3
"2022-01-13 00:00:00";69.45
"2022-01-14 00:00:00";67.16
"2022-01-15 00:00:00";66.27
"2022-01-16 00:00:00";67.47
"2022-01-17 00:00:00";68.65
"2022-01-18 00:00:00";68.36
"2022-01-19 00:00:00";66.67
"2022-01-20 00:00:00";63.26
"2022-01-21 00:00:00";69.84
"2022-01-22 00:00:00";77.1
"2022-01-23 00:00:00";77.69
"2022-01-24 00:00:00";83.49
"2022-01-25 00:00:00";80.75
"2022-01-26 00:00:00";79.41
"2022-01-27 00:00:00";78.37
"2022-01-28 00:00:00";73.54
"2022-01-29 00:00:00";74.53
"2022-01-30 00:00:00";73.48
"2022-01-31 00:00:00";71.83
"2022-02-01 00:00:00";71.06
"2022-02-02 00:00:00";73.71
"2022-02-03 00:00:00";73.04
"2022-02-04 00:00:00";71.44
"2022-02-05 00:00:00";71.03
"2022-02-06 00:00:00";69.44
"2022-02-07 00:00:00";71.95
"2022-02-08 00:00:00";72.63
"2022-02-09 00:00:00";73.59
"2022-02-10 00:00:00";72.47
"2022-02-11 00:00:00";71.6
"2022-02-12 00:00:00";75.68
"2022-02-13 00:00:00";74.41
"2022-02-14 00:00:00";73.97
"2022-02-15 00:00:00";74
"2022-02-16 00:00:00";74.5
"2022-02-17 00:00:00";73.21
"2022-02-18 00:00:00";73.72
"2022-02-19 00:00:00";73.48
"2022-02-20 00:00:00";76.53
"2022-02-21 00:00:00";78.21
"2022-02-22 00:00:00";80.27
"2022-02-23 00:00:00";77.59
"2022-02-24 00:00:00";86
"2022-02-25 00:00:00";78.36
"2022-02-26 00:00:00";76.01
"2022-02-27 00:00:00";81.42
"2022-02-28 00:00:00";82.99
"2022-03-01 00:00:00";81.14
"2022-03-02 00:00:00";79.78
"2022-03-03 00:00:00";79.79
"2022-03-04 00:00:00";81.17
"2022-03-05 00:00:00";81.78
"2022-03-06 00:00:00";81.85
"2022-03-07 00:00:00";82.85
"2022-03-08 00:00:00";85.26
"2022-03-09 00:00:00";84.53
"2022-03-10 00:00:00";86.46
"2022-03-11 00:00:00";78.95
"2022-03-12 00:00:00";80.73
"2022-03-13 00:00:00";80.63
"2022-03-14 00:00:00";82.32
"2022-03-15 00:00:00";82.05
"2022-03-16 00:00:00";84.47
"2022-03-17 00:00:00";80.32
"2022-03-18 00:00:00";76.33
"2022-03-19 00:00:00";74.69
"2022-03-20 00:00:00";77.01
"2022-03-21 00:00:00";76.23
"2022-03-22 00:00:00";74.67
"2022-03-23 00:00:00";70.29
"2022-03-24 00:00:00";67.74
"2022-03-25 00:00:00";64.34
"2022-03-26 00:00:00";64.62
"2022-03-27 00:00:00";68.34
"2022-03-28 00:00:00";65.36
"2022-03-29 00:00:00";63.72
"2022-03-30 00:00:00";62.84
"2022-03-31 00:00:00";64.22
"2022-04-01 00:00:00";60.72
"2022-04-02 00:00:00";60.19
"2022-04-03 00:00:00";60.29
"2022-04-04 00:00:00";62.67
"2022-04-05 00:00:00";63.59
"2022-04-06 00:00:00";67.41
"2022-04-07 00:00:00";64.42
"2022-04-08 00:00:00";62.12
"2022-04-09 00:00:00";61.73
"2022-04-10 00:00:00";61.83
"2022-04-11 00:00:00";65.93
"2022-04-12 00:00:00";65.04
"2022-04-13 00:00:00";65.08
"2022-04-14 00:00:00";63.68
"2022-04-15 00:00:00";61.78
"2022-04-16 00:00:00";61.69
"2022-04-17 00:00:00";64.13
"2022-04-18 00:00:00";63.55
"2022-04-19 00:00:00";61.67
"2022-04-20 00:00:00";61.58
"2022-04-21 00:00:00";61.91
"2022-04-22 00:00:00";62.65
"2022-04-23 00:00:00";60.85
"2022-04-24 00:00:00";62.17
"2022-04-25 00:00:00";65.32
"2022-04-26 00:00:00";65.75
"2022-04-27 00:00:00";64.97
"2022-04-28 00:00:00";62.67
"2022-04-29 00:00:00";61.24
"2022-04-30 00:00:00";60.72
"2022-05-01 00:00:00";61.73
"2022-05-02 00:00:00";63.55
"2022-05-03 00:00:00";63.78
"2022-05-04 00:00:00";65.03
"2022-05-05 00:00:00";66.52
"2022-05-06 00:00:00";65.98
"2022-05-07 00:00:00";64.91
"2022-05-08 00:00:00";70.13
"2022-05-09 00:00:00";79.2
"2022-05-10 00:00:00";79.88
"2022-05-11 00:00:00";89.24
"2022-05-12 00:00:00";109.82
"2022-05-13 00:00:00";86.97
"2022-05-14 00:00:00";89.98
"2022-05-15 00:00:00";87.95
"2022-05-16 00:00:00";91.82
"2022-05-17 00:00:00";86.79
"2022-05-18 00:00:00";89.17
"2022-05-19 00:00:00";87.43
"2022-05-20 00:00:00";89.07
"2022-05-21 00:00:00";85.44
"2022-05-22 00:00:00";84.43
"2022-05-23 00:00:00";82.62
"2022-05-24 00:00:00";84.38
"2022-05-25 00:00:00";83.63
"2022-05-26 00:00:00";82.84
"2022-05-27 00:00:00";82.94
"2022-05-28 00:00:00";82.07
"2022-05-29 00:00:00";80.79
"2022-05-30 00:00:00";76.9
"2022-05-31 00:00:00";76.36
"2022-06-01 00:00:00";74.84
"2022-06-02 00:00:00";72.79
"2022-06-03 00:00:00";73.08
"2022-06-04 00:00:00";70.5
"2022-06-05 00:00:00";71.55
"2022-06-06 00:00:00";68.29
"2022-06-07 00:00:00";71.15
"2022-06-08 00:00:00";70.48
"2022-06-09 00:00:00";70.54
"2022-06-10 00:00:00";74.62
"2022-06-11 00:00:00";77.97
"2022-06-12 00:00:00";78.59
"2022-06-13 00:00:00";99.39
"2022-06-14 00:00:00";96.05
"2022-06-15 00:00:00";108.06
"2022-06-16 00:00:00";100.64
"2022-06-17 00:00:00";100.97
"2022-06-18 00:00:00";108.04
"2022-06-19 00:00:00";104.35
"2022-06-20 00:00:00";98.01
"2022-06-21 00:00:00";90.58
"2022-06-22 00:00:00";95.21
"2022-06-23 00:00:00";94.34
"2022-06-24 00:00:00";87.44
"2022-06-25 00:00:00";85.92
"2022-06-26 00:00:00";86.07
"2022-06-27 00:00:00";88.12
"2022-06-28 00:00:00";85.25
"2022-06-29 00:00:00";86.43
"2022-06-30 00:00:00";90.75
"2022-07-01 00:00:00";86.79
"2022-07-02 00:00:00";86.4
"2022-07-03 00:00:00";87.82
"2022-07-04 00:00:00";84.52
"2022-07-05 00:00:00";83.95
"2022-07-06 00:00:00";81.47
"2022-07-07 00:00:00";80.57
"2022-07-08 00:00:00";79.97
"2022-07-09 00:00:00";73.94
"2022-07-10 00:00:00";75.41
"2022-07-11 00:00:00";78.65
"2022-07-12 00:00:00";79.13
"2022-07-13 00:00:00";79.91
"2022-07-14 00:00:00";81.57
"2022-07-15 00:00:00";77.54
"2022-07-16 00:00:00";78.04
"2022-07-17 00:00:00";82.52
"2022-07-18 00:00:00";82.02
"2022-07-19 00:00:00";83.47
"2022-07-20 00:00:00";86.06
"2022-07-21 00:00:00";83.69
"2022-07-22 00:00:00";83.5
"2022-07-23 00:00:00";82.1
"2022-07-24 00:00:00";81.97
"2022-07-25 00:00:00";81.29
"2022-07-26 00:00:00";82.18
"2022-07-27 00:00:00";80.58
"2022-07-28 00:00:00";77.23
"2022-07-29 00:00:00";75.43
"2022-07-30 00:00:00";79.52
"2022-07-31 00:00:00";79.83
"2022-08-01 00:00:00";80.55
"2022-08-02 00:00:00";79.82
"2022-08-03 00:00:00";78.02
"2022-08-04 00:00:00";77.54
"2022-08-05 00:00:00";76.88
"2022-08-06 00:00:00";76
"2022-08-07 00:00:00";76.58
"2022-08-08 00:00:00";79.31
"2022-08-09 00:00:00";78.67
"2022-08-10 00:00:00";76.43
"2022-08-11 00:00:00";76.28
"2022-08-12 00:00:00";75.45
"2022-08-13 00:00:00";75.81
"2022-08-14 00:00:00";75.88
"2022-08-15 00:00:00";76.1
"2022-08-16 00:00:00";78.2
"2022-08-17 00:00:00";81.16
"2022-08-18 00:00:00";81.5
"2022-08-19 00:00:00";78.6
"2022-08-20 00:00:00";79.19
"2022-08-21 00:00:00";79.13
"2022-08-22 00:00:00";81.06
"2022-08-23 00:00:00";79.24
"2022-08-24 00:00:00";75.68
"2022-08-25 00:00:00";77.08
"2022-08-26 00:00:00";72.2
"2022-08-27 00:00:00";73.47
"2022-08-28 00:00:00";73.31
"2022-08-29 00:00:00";73.05
"2022-08-30 00:00:00";75.12
"2022-08-31 00:00:00";74.9
"2022-09-01 00:00:00";76.76
"2022-09-02 00:00:00";72.15
"2022-09-03 00:00:00";72.82
"2022-09-04 00:00:00";73.36
"2022-09-05 00:00:00";73.81
"2022-09-06 00:00:00";74.07
"2022-09-07 00:00:00";75.96
"2022-09-08 00:00:00";73.47
"2022-09-09 00:00:00";72.61
"2022-09-10 00:00:00";73.51
"2022-09-11 00:00:00";77.32
"2022-09-12 00:00:00";77.8
"2022-09-13 00:00:00";79.73
"2022-09-14 00:00:00";78.4
"2022-09-15 00:00:00";76.67
"2022-09-16 00:00:00";73.31
"2022-09-17 00:00:00";70.22
"2022-09-18 00:00:00";71.48
"2022-09-19 00:00:00";71.28
"2022-09-20 00:00:00";72.58
"2022-09-21 00:00:00";75.05
"2022-09-22 00:00:00";75.13
"2022-09-23 00:00:00";74.67
"2022-09-24 00:00:00";71.03
"2022-09-25 00:00:00";70.58
"2022-09-26 00:00:00";72.5
"2022-09-27 00:00:00";75.24
"2022-09-28 00:00:00";72.86
"2022-09-29 00:00:00";74.48
"2022-09-30 00:00:00";69.67
"2022-10-01 00:00:00";69.16
"2022-10-02 00:00:00";71.09
"2022-10-03 00:00:00";70.08
"2022-10-04 00:00:00";69.94
"2022-10-05 00:00:00";70.26
"2022-10-06 00:00:00";69.65
"2022-10-07 00:00:00";66.5
"2022-10-08 00:00:00";63.24
"2022-10-09 00:00:00";65.59
"2022-10-10 00:00:00";69.01
"2022-10-11 00:00:00";69.07
"2022-10-12 00:00:00";69.22
"2022-10-13 00:00:00";66.35
"2022-10-14 00:00:00";62.03
"2022-10-15 00:00:00";60.94
"2022-10-16 00:00:00";61.47
"2022-10-17 00:00:00";59.44
"2022-10-18 00:00:00";60.56
"2022-10-19 00:00:00";60.25
"2022-10-20 00:00:00";59.74
"2022-10-21 00:00:00";60.49
"2022-10-22 00:00:00";60.66
"2022-10-23 00:00:00";62.33
"2022-10-24 00:00:00";62.03
"2022-10-25 00:00:00";63.54
"2022-10-26 00:00:00";66.72
"2022-10-27 00:00:00";62.86
"2022-10-28 00:00:00";57.27
"2022-10-29 00:00:00";58.62
"2022-10-30 00:00:00";62.25
"2022-10-31 00:00:00";62.91
"2022-11-01 00:00:00";63.48
"2022-11-02 00:00:00";62.86
"2022-11-03 00:00:00";58.2
"2022-11-04 00:00:00";60.57
"2022-11-05 00:00:00";58.94
"2022-11-06 00:00:00";60.4
"2022-11-07 00:00:00";62.86
"2022-11-08 00:00:00";67.57
"2022-11-09 00:00:00";92.43
"2022-11-10 00:00:00";83.55
"2022-11-11 00:00:00";92.09
"2022-11-12 00:00:00";89.53
"2022-11-13 00:00:00";94.41
"2022-11-14 00:00:00";89.49
"2022-11-15 00:00:00";81.14
"2022-11-16 00:00:00";88.01
"2022-11-17 00:00:00";81.64
"2022-11-18 00:00:00";75.37
"2022-11-19 00:00:00";73.63
"2022-11-20 00:00:00";78.15
"2022-11-21 00:00:00";79.78
"2022-11-22 00:00:00";79.73
"2022-11-23 00:00:00";77.13
"2022-11-24 00:00:00";73.22
"2022-11-25 00:00:00";67.61
"2022-11-26 00:00:00";66.08
"2022-11-27 00:00:00";65.91
"2022-11-28 00:00:00";67.9
"2022-11-29 00:00:00";66.82
"2022-11-30 00:00:00";65.46
"2022-12-01 00:00:00";61.91
"2022-12-02 00:00:00";60.06
"2022-12-03 00:00:00";59.38
"2022-12-04 00:00:00";61.82
"2022-12-05 00:00:00";59.61
"2022-12-06 00:00:00";59.23
"2022-12-07 00:00:00";61.44
"2022-12-08 00:00:00";60.18
"2022-12-09 00:00:00";59.83
"2022-12-10 00:00:00";61.81
"2022-12-11 00:00:00";63.95
"2022-12-12 00:00:00";64.03
"2022-12-13 00:00:00";62.87
"2022-12-14 00:00:00";60.85
"2022-12-15 00:00:00";58.91
"2022-12-16 00:00:00";61.53
"2022-12-17 00:00:00";64.5
"2022-12-18 00:00:00";67.37
"2022-12-19 00:00:00";63.44
"2022-12-20 00:00:00";62.89
"2022-12-21 00:00:00";61.65
"2022-12-22 00:00:00";59.14
"2022-12-23 00:00:00";57.2
"2022-12-24 00:00:00";56.6
"2022-12-25 00:00:00";57.11
"2022-12-26 00:00:00";56.52
"2022-12-27 00:00:00";56.04
"2022-12-28 00:00:00";57.15
"2022-12-29 00:00:00";56.58
"2022-12-30 00:00:00";52.66
"2022-12-31 00:00:00";49.72
"2023-01-01 00:00:00";49.67
"2023-01-02 00:00:00";50.14
"2023-01-03 00:00:00";52.08
"2023-01-04 00:00:00";46.13
"2023-01-05 00:00:00";47.68
"2023-01-06 00:00:00";45.8
"2023-01-07 00:00:00";43.93
"2023-01-08 00:00:00";44.87
"2023-01-09 00:00:00";46.35
"2023-01-10 00:00:00";47.24
"2023-01-11 00:00:00";48.23
"2023-01-12 00:00:00";48.2
"2023-01-13 00:00:00";57.89
"2023-01-14 00:00:00";72.25
"2023-01-15 00:00:00";73.4
"2023-01-16 00:00:00";70.02
"2023-01-17 00:00:00";67.98
"2023-01-18 00:00:00";67.71
"2023-01-19 00:00:00";61.4
"2023-01-20 00:00:00";58.72
"2023-01-21 00:00:00";68.62
"2023-01-22 00:00:00";65.44
"2023-01-23 00:00:00";68.78
"2023-01-24 00:00:00";68.35
"2023-01-25 00:00:00";61.67
"2023-01-26 00:00:00";61.77
"2023-01-27 00:00:00";59.65
"2023-01-28 00:00:00";57.76
"2023-01-29 00:00:00";62.16
"2023-01-30 00:00:00";59.24
"2023-01-31 00:00:00";60.75
"2023-02-01 00:00:00";62.42
"2023-02-02 00:00:00";60.37
"2023-02-03 00:00:00";58.04
"2023-02-04 00:00:00";57.64
"2023-02-05 00:00:00";59.09
"2023-02-06 00:00:00";58.88
"2023-02-07 00:00:00";57.98
"2023-02-08 00:00:00";56.62
"2023-02-09 00:00:00";55.3
"2023-02-10 00:00:00";55.19
"2023-02-11 00:00:00";52.74
"2023-02-12 00:00:00";51.85
"2023-02-13 00:00:00";55.86
"2023-02-14 00:00:00";52.27
"2023-02-15 00:00:00";53.05
"2023-02-16 00:00:00";61.8
"2023-02-17 00:00:00";62.94
"2023-02-18 00:00:00";64.05
"2023-02-19 00:00:00";65.92
"2023-02-20 00:00:00";66.24
"2023-02-21 00:00:00";66.08
"2023-02-22 00:00:00";64.36
"2023-02-23 00:00:00";60.92
"2023-02-24 00:00:00";58.3
"2023-02-25 00:00:00";54.27
"2023-02-26 00:00:00";54.2
"2023-02-27 00:00:00";54.39
"2023-02-28 00:00:00";53.37
"2023-03-01 00:00:00";57.01
"2023-03-02 00:00:00";57.89
"2023-03-03 00:00:00";55.26
"2023-03-04 00:00:00";55.17
"2023-03-05 00:00:00";55.09
"2023-03-06 00:00:00";55.66
"2023-03-07 00:00:00";55.7
"2023-03-08 00:00:00";54.35
"2023-03-09 00:00:00";52.8
"2023-03-10 00:00:00";57.11
"2023-03-11 00:00:00";65.27
"2023-03-12 00:00:00";63.05
"2023-03-13 00:00:00";68.78
"2023-03-14 00:00:00";66.62
"2023-03-15 00:00:00";66.91
"2023-03-16 00:00:00";64.54
"2023-03-17 00:00:00";69.32
"2023-03-18 00:00:00";73.2
"2023-03-19 00:00:00";76.99
"2023-03-20 00:00:00";74.09
"2023-03-21 00:00:00";75.31
"2023-03-22 00:00:00";72.61
"2023-03-23 00:00:00";71.08
"2023-03-24 00:00:00";71.49
"2023-03-25 00:00:00";67.93
"2023-03-26 00:00:00";66.24
"2023-03-27 00:00:00";68.72
"2023-03-28 00:00:00";64.77
"2023-03-29 00:00:00";67.39
"2023-03-30 00:00:00";68.9
"2023-03-31 00:00:00";64.12
"2023-04-01 00:00:00";61.54
"2023-04-02 00:00:00";63.43
"2023-04-03 00:00:00";63.6
"2023-04-04 00:00:00";63.3
"2023-04-05 00:00:00";62.44
"2023-04-06 00:00:00";61.35
"2023-04-07 00:00:00";58.27
"2023-04-08 00:00:00";58.69
"2023-04-09 00:00:00";59.53
"2023-04-10 00:00:00";64.64
"2023-04-11 00:00:00";63.39
"2023-04-12 00:00:00";59.56
"2023-04-13 00:00:00";59.04
"2023-04-14 00:00:00";56.93
"2023-04-15 00:00:00";56.28
"2023-04-16 00:00:00";57.88
"2023-04-17 00:00:00";59.49
"2023-04-18 00:00:00";58.39
"2023-04-19 00:00:00";58.56
"2023-04-20 00:00:00";57.63
"2023-04-21 00:00:00";56.87
"2023-04-22 00:00:00";57.56
"2023-04-23 00:00:00";58.52
"2023-04-24 00:00:00";56.75
"2023-04-25 00:00:00";55.82
"2023-04-26 00:00:00";58.94
"2023-04-27 00:00:00";57.91
"2023-04-28 00:00:00";55.7
"2023-04-29 00:00:00";54.15
"2023-04-30 00:00:00";55.98
"2023-05-01 00:00:00";57.6
"2023-05-02 00:00:00";57.2
"2023-05-03 00:00:00";57.62
"2023-05-04 00:00:00";57.29
"2023-05-05 00:00:00";56.09
"2023-05-06 00:00:00";55.73
"2023-05-07 00:00:00";55.19
"2023-05-08 00:00:00";55.29
"2023-05-09 00:00:00";56.16
"2023-05-10 00:00:00";55.31
"2023-05-11 00:00:00";56.2
"2023-05-12 00:00:00";56.52
"2023-05-13 00:00:00";54.09
"2023-05-14 00:00:00";53.1
"2023-05-15 00:00:00";56.83
"2023-05-16 00:00:00";56.19
"2023-05-17 00:00:00";55.57
"2023-05-18 00:00:00";52.52
"2023-05-19 00:00:00";52.67
"2023-05-20 00:00:00";52.49
"2023-05-21 00:00:00";52.88
"2023-05-22 00:00:00";53.38
"2023-05-23 00:00:00";55.73
"2023-05-24 00:00:00";58.68
"2023-05-25 00:00:00";55.58
"2023-05-26 00:00:00";51.24
"2023-05-27 00:00:00";50.43
"2023-05-28 00:00:00";52.92
"2023-05-29 00:00:00";52.92
"2023-05-30 00:00:00";50.7
"2023-05-31 00:00:00";50.58
"2023-06-01 00:00:00";48.17
"2023-06-02 00:00:00";47.86
"2023-06-03 00:00:00";46.94
"2023-06-04 00:00:00";47.43
"2023-06-05 00:00:00";47.33
"2023-06-06 00:00:00";46.82
"2023-06-07 00:00:00";50.25
"2023-06-08 00:00:00";48.03
"2023-06-09 00:00:00";46.46
"2023-06-10 00:00:00";47.71
"2023-06-11 00:00:00";47.7
"2023-06-12 00:00:00";49.76
"2023-06-13 00:00:00";50.34
"2023-06-14 00:00:00";48.78
"2023-06-15 00:00:00";51.94
"2023-06-16 00:00:00";49.18
"2023-06-17 00:00:00";48.05
"2023-06-18 00:00:00";47.88
"2023-06-19 00:00:00";49.52
"2023-06-20 00:00:00";54.92
"2023-06-21 00:00:00";64.6
"2023-06-22 00:00:00";58.96
"2023-06-23 00:00:00";57.5
"2023-06-24 00:00:00";58.33
"2023-06-25 00:00:00";59.15
"2023-06-26 00:00:00";59.97
"2023-06-27 00:00:00";60.77
"2023-06-28 00:00:00";61.57
"2023-06-29 00:00:00";62.37
"2023-06-30 00:00:00";49.86
"2023-07-01 00:00:00";48.95
"2023-07-02 00:00:00";51.27
"2023-07-03 00:00:00";52.34
"2023-07-04 00:00:00";51.63
"2023-07-05 00:00:00";48.88
"2023-07-06 00:00:00";52.47
"2023-07-07 00:00:00";49.66
"2023-07-08 00:00:00";46.7
"2023-07-09 00:00:00";46.53
"2023-07-10 00:00:00";46.95
"2023-07-11 00:00:00";47.27
"2023-07-12 00:00:00";46.37
"2023-07-13 00:00:00";47.23
"2023-07-14 00:00:00";48.42
"2023-07-15 00:00:00";46.2
"2023-07-16 00:00:00";46.01
"2023-07-17 00:00:00";46.07
"2023-07-18 00:00:00";47.24
"2023-07-19 00:00:00";44.79
"2023-07-20 00:00:00";44.44
"2023-07-21 00:00:00";43.46
"2023-07-22 00:00:00";42
"2023-07-23 00:00:00";41.32
"2023-07-24 00:00:00";41.73
"2023-07-25 00:00:00";40.47
"2023-07-26 00:00:00";42.66
"2023-07-27 00:00:00";41.2
"2023-07-28 00:00:00";38.78
"2023-07-29 00:00:00";38.22
"2023-07-30 00:00:00";39.09
"2023-07-31 00:00:00";39.18
"2023-08-01 00:00:00";39.65
"2023-08-02 00:00:00";39.9
"2023-08-03 00:00:00";39.94
"2023-08-04 00:00:00";38.38
"2023-08-05 00:00:00";37.44
"2023-08-06 00:00:00";37.08
"2023-08-07 00:00:00";38.98
"2023-08-08 00:00:00";40.05
"2023-08-09 00:00:00";44.45
"2023-08-10 00:00:00";40.53
"2023-08-11 00:00:00";38.9
"2023-08-12 00:00:00";36.4
"2023-08-13 00:00:00";37.86
"2023-08-14 00:00:00";38.07
"2023-08-15 00:00:00";38.81
"2023-08-16 00:00:00";40.54
"2023-08-17 00:00:00";43.31
"2023-08-18 00:00:00";49.01
"2023-08-19 00:00:00";46.25
"2023-08-20 00:00:00";45.9
"2023-08-21 00:00:00";46.95
"2023-08-22 00:00:00";46.57
"2023-08-23 00:00:00";44.12
"2023-08-24 00:00:00";45.62
"2023-08-25 00:00:00";38.53
"2023-08-26 00:00:00";37.35
"2023-08-27 00:00:00";37.86
"2023-08-28 00:00:00";38.72
"2023-08-29 00:00:00";45.23
"2023-08-30 00:00:00";42.65
"2023-08-31 00:00:00";41.86
"2023-09-01 00:00:00";38.99
"2023-09-02 00:00:00";38.27
"2023-09-03 00:00:00";39.65
"2023-09-04 00:00:00";40.29
"2023-09-05 00:00:00";41.54
"2023-09-06 00:00:00";41.73
"2023-09-07 00:00:00";42.06
"2023-09-08 00:00:00";43.06
"2023-09-09 00:00:00";42.1
"2023-09-10 00:00:00";43.2
"2023-09-11 00:00:00";46.88
"2023-09-12 00:00:00";48
"2023-09-13 00:00:00";46.76
"2023-09-14 00:00:00";47
"2023-09-24 00:00:00";41.68
"2023-09-25 00:00:00";42
"2023-09-26 00:00:00";42.77
"2023-09-27 00:00:00";41
"2023-09-28 00:00:00";42.77
"2023-09-29 00:00:00";38.41
"2023-09-30 00:00:00";37.28
"2023-10-01 00:00:00";38.58
"2023-10-02 00:00:00";42.53
"2023-10-03 00:00:00";40.3
"2023-10-04 00:00:00";40.15
"2023-10-05 00:00:00";40.1
"2023-10-06 00:00:00";38.05
"2023-10-07 00:00:00";39.51
"2023-10-08 00:00:00";39.25
"2023-10-09 00:00:00";40.49
"2023-10-10 00:00:00";40.7
"2023-10-11 00:00:00";40.12
"2023-10-12 00:00:00";40.29
"2023-10-13 00:00:00";39.12
"2023-10-14 00:00:00";38.83
"2023-10-15 00:00:00";39
"2023-10-16 00:00:00";42.6
"2023-10-17 00:00:00";45.67
"2023-10-18 00:00:00";43.78
"2023-10-19 00:00:00";43.96
"2023-10-20 00:00:00";48.1
"2023-10-21 00:00:00";47.93
"2023-10-22 00:00:00";51.08
"2023-10-23 00:00:00";54.19
"2023-10-24 00:00:00";59.41
"2023-10-25 00:00:00";59.08
"2023-10-26 00:00:00";60.2
"2023-10-27 00:00:00";54.52
"2023-10-28 00:00:00";53.19
"2023-10-29 00:00:00";56.66
"2023-10-30 00:00:00";59.2
"2023-10-31 00:00:00";58.55
"2023-11-01 00:00:00";60.75
"2023-11-02 00:00:00";64.58
"2023-11-03 00:00:00";65.7
"2023-11-04 00:00:00";65.84
"2023-11-05 00:00:00";65.84
"2023-11-06 00:00:00";64.13
"2023-11-07 00:00:00";57.82
"2023-11-08 00:00:00";60.09
"2023-11-09 00:00:00";64.43
"2023-11-10 00:00:00";64.06
"2023-11-11 00:00:00";62.87
"2023-11-12 00:00:00";62.1
"2023-11-13 00:00:00";63.24
"2023-11-14 00:00:00";62.59
"2023-11-15 00:00:00";62.6
"2023-11-16 00:00:00";63.66
"2023-11-17 00:00:00";64.71
"2023-11-18 00:00:00";65.73
"2023-11-19 00:00:00";66.75
"2023-11-20 00:00:00";67.75
"2023-11-21 00:00:00";68.69
"2023-11-22 00:00:00";68.72
"2023-11-23 00:00:00";69.83
"2023-11-24 00:00:00";57.93
"2023-11-25 00:00:00";56.37
"2023-11-26 00:00:00";57.74
"2023-11-27 00:00:00";58.3
"2023-11-28 00:00:00";56.12
"2023-11-29 00:00:00";56.79
"2023-11-30 00:00:00";55.72
"2023-12-01 00:00:00";55.92
"2023-12-02 00:00:00";56.97
"2023-12-03 00:00:00";59.39
"2023-12-04 00:00:00";58.93
"2023-12-05 00:00:00";58.36
"2023-12-06 00:00:00";59.85
"2023-12-07 00:00:00";58.1
"2023-12-08 00:00:00";57.39
"2023-12-09 00:00:00";58.75
"2023-12-10 00:00:00";59.33
"2023-12-11 00:00:00";60.06
"2023-12-12 00:00:00";58.69
"2023-12-13 00:00:00";58.34
"2023-12-14 00:00:00";58.65
"2023-12-15 00:00:00";58.54
"2023-12-16 00:00:00";57.68
"2023-12-17 00:00:00";58.56
"2023-12-18 00:00:00";58.51
"2023-12-19 00:00:00";61.25
"2023-12-20 00:00:00";62.25
"2023-12-21 00:00:00";62.31
"2023-12-22 00:00:00";61.67
"2023-12-23 00:00:00";60.91
"2023-12-24 00:00:00";60.77
"2023-12-25 00:00:00";62.4
"2023-12-26 00:00:00";62.25
"2023-12-27 00:00:00";66.38
"2023-12-28 00:00:00";66.45
"2023-12-29 00:00:00";66.48
"2023-12-30 00:00:00";67.52
"2023-12-31 00:00:00";67.12
"2024-01-01 00:00:00";67.48
"2024-01-02 00:00:00";68.95
"2024-01-03 00:00:00";69.21
"2024-01-04 00:00:00";69.71
"2024-01-05 00:00:00";70.86
"2024-01-06 00:00:00";74.23
"2024-01-07 00:00:00";75.87
"2024-01-08 00:00:00";74.51
"2024-01-09 00:00:00";70.22
"2024-01-10 00:00:00";69.73
"2024-01-11 00:00:00";66.12
"2024-01-12 00:00:00";59.83
"2024-01-13 00:00:00";58.57
"2024-01-14 00:00:00";58.99
"2024-01-15 00:00:00";58.7
"2024-01-16 00:00:00";58.12
"2024-01-17 00:00:00";55.63
"2024-01-18 00:00:00";50.46
"2024-01-19 00:00:00";51.45
"2024-01-20 00:00:00";50.67
"2024-01-21 00:00:00";50.39
"2024-01-22 00:00:00";50.38
"2024-01-23 00:00:00";53.68
"2024-01-24 00:00:00";50.11
"2024-01-25 00:00:00";48.88
"2024-01-26 00:00:00";47.15
"2024-01-27 00:00:00";45.69
"2024-01-28 00:00:00";48.28
"2024-01-29 00:00:00";48.95
"2024-01-30 00:00:00";49.18
"2024-01-31 00:00:00";49.65
"2024-02-01 00:00:00";47.75
"2024-02-02 00:00:00";46.56
"2024-02-03 00:00:00";45.46
"2024-02-04 00:00:00";44.87
"2024-02-05 00:00:00";46.08
"2024-02-06 00:00:00";45.57
"2024-02-07 00:00:00";44.43
"2024-02-08 00:00:00";48.59
"2024-02-09 00:00:00";51.17
"2024-02-10 00:00:00";51.57
"2024-02-11 00:00:00";53.99
"2024-02-12 00:00:00";58.89
"2024-02-13 00:00:00";57.11
"2024-02-14 00:00:00";60.5
"2024-02-15 00:00:00";61.18
"2024-02-16 00:00:00";60.16
"2024-02-17 00:00:00";59.77
"2024-02-18 00:00:00";61.05
"2024-02-19 00:00:00";61.38
"2024-02-20 00:00:00";59.86
"2024-02-21 00:00:00";56.64
"2024-02-22 00:00:00";57.3
"2024-02-23 00:00:00";56.02
"2024-02-24 00:00:00";57.52
"2024-02-25 00:00:00";59.04
"2024-02-26 00:00:00";59.85
"2024-02-27 00:00:00";64.1
"2024-02-28 00:00:00";72.81
"2024-02-29 00:00:00";73.2
"2024-03-01 00:00:00";68.79
"2024-03-02 00:00:00";68.66
"2024-03-03 00:00:00";74.5
"2024-03-04 00:00:00";79.92
"2024-03-05 00:00:00";78.81
"2024-03-06 00:00:00";80.85
"2024-03-07 00:00:00";77.52
"2024-03-08 00:00:00";76.01
"2024-03-09 00:00:00";77.93
"2024-03-10 00:00:00";84.74
"2024-03-11 00:00:00";87
"2024-03-12 00:00:00";81.2
"2024-03-13 00:00:00";82.5
"2024-03-14 00:00:00";78.8
"2024-03-15 00:00:00";79.81
"2024-03-16 00:00:00";77.34
"2024-03-17 00:00:00";81.03
"2024-03-18 00:00:00";79.73
"2024-03-19 00:00:00";81.01
"2024-03-20 00:00:00";83.66
"2024-03-21 00:00:00";81.11
"2024-03-22 00:00:00";80.38
"2024-03-23 00:00:00";78.23
"2024-03-24 00:00:00";78.65
"2024-03-25 00:00:00";81.02
"2024-03-26 00:00:00";79.67
"2024-03-27 00:00:00";79.04
"2024-03-28 00:00:00";79.29
"2024-03-29 00:00:00";76.73
"2024-03-30 00:00:00";78.5
"2024-03-31 00:00:00";79.23
"2024-04-01 00:00:00";77.74
"2024-04-02 00:00:00";78.35
"2024-04-03 00:00:00";76.41
"2024-04-04 00:00:00";73.3
"2024-04-05 00:00:00";76.07
"2024-04-06 00:00:00";75.77
"2024-04-07 00:00:00";80.15
"2024-04-08 00:00:00";80.26
"2024-04-09 00:00:00";77.8
"2024-04-10 00:00:00";76.94
"2024-04-11 00:00:00";73.43
"2024-04-12 00:00:00";70.65
"2024-04-13 00:00:00";71.19
"2024-04-14 00:00:00";77.01
"2024-04-15 00:00:00";72.91
"2024-04-16 00:00:00";76.77
"2024-04-17 00:00:00";75.67
"2024-04-18 00:00:00";72.88
"2024-04-19 00:00:00";74
"2024-04-20 00:00:00";73.29
"2024-04-21 00:00:00";75.99
"2024-04-22 00:00:00";73.61
"2024-04-23 00:00:00";70.39
"2024-04-24 00:00:00";65.84
"2024-04-25 00:00:00";60.53
"2024-04-26 00:00:00";58.17
"2024-04-27 00:00:00";58.04
"2024-04-28 00:00:00";59.04
"2024-04-29 00:00:00";59.18
"2024-04-30 00:00:00";64.43
"2024-05-01 00:00:00";66.23
"2024-05-02 00:00:00";62.04
"2024-05-03 00:00:00";60.23
"2024-05-04 00:00:00";60.9
"2024-05-05 00:00:00";62.18
"2024-05-06 00:00:00";61.5
"2024-05-07 00:00:00";58.54
"2024-05-08 00:00:00";56.86
"2024-05-09 00:00:00";57.04
"2024-05-10 00:00:00";57.73
"2024-05-11 00:00:00";56.86
"2024-05-12 00:00:00";58.76
"2024-05-13 00:00:00";59.77
"2024-05-14 00:00:00";59.73
"2024-05-15 00:00:00";61.91
"2024-05-16 00:00:00";62.53
"2024-05-17 00:00:00";61.72
"2024-05-18 00:00:00";61.96
"2024-05-19 00:00:00";62.88
"2024-05-20 00:00:00";63.84
"2024-05-21 00:00:00";62.72
"2024-05-22 00:00:00";61.11
"2024-05-23 00:00:00";59.53
"2024-05-24 00:00:00";55.56
"2024-05-25 00:00:00";56.15
"2024-05-26 00:00:00";56.25
"2024-05-27 00:00:00";57.46
"2024-05-28 00:00:00";57.66
"2024-05-29 00:00:00";56.83
"2024-05-30 00:00:00";55.59
"2024-05-31 00:00:00";54.39
"2024-06-01 00:00:00";53.64
"2024-06-02 00:00:00";53.86
"2024-06-03 00:00:00";55.41
"2024-06-04 00:00:00";56.81
"2024-06-05 00:00:00";58.75
"2024-06-06 00:00:00";56.61
"2024-06-07 00:00:00";53.75
"2024-06-08 00:00:00";52.42
"2024-06-09 00:00:00";52.88
"2024-06-10 00:00:00";53.62
"2024-06-11 00:00:00";54.54
"2024-06-12 00:00:00";55.12
"2024-06-13 00:00:00";52.55
"2024-06-14 00:00:00";51.02
"2024-06-15 00:00:00";51.6
"2024-06-16 00:00:00";50.96
"2024-06-17 00:00:00";51.95
"2024-06-18 00:00:00";52.97
"2024-06-19 00:00:00";52.33
"2024-06-20 00:00:00";52.74
"2024-06-21 00:00:00";51.61
"2024-06-22 00:00:00";50.11
"2024-06-23 00:00:00";50.47
"2024-06-24 00:00:00";52.7
"2024-06-25 00:00:00";51.01
"2024-06-26 00:00:00";49.59
"2024-06-27 00:00:00";49.7
"2024-06-28 00:00:00";47.54
"2024-06-29 00:00:00";45.92
"2024-06-30 00:00:00";46.4
"2024-07-01 00:00:00";46.83
"2024-07-02 00:00:00";44.77
"2024-07-03 00:00:00";45.58
"2024-07-04 00:00:00";49.26
"2024-07-05 00:00:00";51.14
"2024-07-06 00:00:00";50.09
"2024-07-07 00:00:00";52.22
"2024-07-08 00:00:00";54.31
"2024-07-09 00:00:00";52.61
"2024-07-10 00:00:00";51.82
"2024-07-11 00:00:00";50.79
"2024-07-12 00:00:00";48.77
"2024-07-13 00:00:00";47.94
"2024-07-14 00:00:00";51.41
"2024-07-15 00:00:00";54.07
"2024-07-16 00:00:00";57.95
"2024-07-17 00:00:00";61.66
"2024-07-18 00:00:00";59.44
"2024-07-19 00:00:00";61.04
"2024-07-20 00:00:00";63.76
"2024-07-21 00:00:00";66.04
"2024-07-22 00:00:00";68.32
"2024-07-23 00:00:00";69.53
"2024-07-24 00:00:00";64.27
"2024-07-25 00:00:00";64.5
"2024-07-26 00:00:00";62.78
"2024-07-27 00:00:00";61.75
"2024-07-28 00:00:00";54.47
"2024-07-29 00:00:00";54.88
"2024-07-30 00:00:00";52.99
"2024-07-31 00:00:00";53.06
"2024-08-01 00:00:00";51.03
"2024-08-02 00:00:00";52.23
"2024-08-03 00:00:00";54.34
"2024-08-04 00:00:00";57.9
"2024-08-05 00:00:00";65.22
"2024-08-06 00:00:00";64.61